pesquisador_id,coautores
Panagiotis D. Bamidis,Christos A. Frantzidιs
Panagiotis D. Bamidis,Christos A. Frantzidιs
Panagiotis D. Bamidis,Evdokimos Konstantinidis
Panagiotis D. Bamidis,Evdokimos Konstantinidis
Panagiotis D. Bamidis,Christos A. Frantzidιs
Panagiotis D. Bamidis,Evdokimos Konstantinidis
Panagiotis D. Bamidis,Evdokimos Konstantinidis
Panagiotis D. Bamidis,Vasiliki Zilidou
Panagiotis D. Bamidis,Christos A. Frantzidιs
Panagiotis D. Bamidis,Christos A. Frantzidιs
Panagiotis D. Bamidis,Evdokimos Konstantinidis
Panagiotis D. Bamidis,Evdokimos Konstantinidis
Babak Nadjar Araabi,Ahmad Kalhor
Babak Nadjar Araabi,Ahmad Kalhor
Javier Moreno,Carmen Chicharro
Javier Moreno,Eugenia Carrillo
Javier Moreno,Eugenia Carrillo
Javier Moreno,Eugenia Carrillo
Javier Moreno,Ana Victoria Ibarra‐Meneses
Javier Moreno,Eugenia Carrillo
Javier Moreno,Ana Victoria Ibarra‐Meneses
Javier Moreno,Eugenia Carrillo
Javier Moreno,Ana Victoria Ibarra‐Meneses
Javier Moreno,Carmen Chicharro
Javier Moreno,Eugenia Carrillo
Javier Moreno,Ana Victoria Ibarra‐Meneses
Javier Moreno,Eugenia Carrillo
Javier Moreno,Eugenia Carrillo
Javier Moreno,Eugenia Carrillo
Javier Moreno,Carmen Chicharro
Javier Moreno,Eugenia Carrillo
Javier Moreno,José M. Requena
Javier Moreno,Ana Victoria Ibarra‐Meneses
Javier Moreno,Carmen Chicharro
Javier Moreno,Eugenia Carrillo
Javier Moreno,José M. Requena
Javier Moreno,José M. Requena
Javier Moreno,Eugenia Carrillo
Javier Moreno,Carmen Chicharro
Javier Moreno,Eugenia Carrillo
Javier Moreno,Eugenia Carrillo
Javier Moreno,Ana Victoria Ibarra‐Meneses
Javier Moreno,Eugenia Carrillo
Hongzhen Li,Chaoyang Zhang
Hongzhen Li,Chaoyang Zhang
Hongzhen Li,Fude Nie
Hongzhen Li,Chaoyang Zhang
Hongzhen Li,Chaoyang Zhang
Hongzhen Li,Chaoyang Zhang
Hongzhen Li,Fude Nie
Hongzhen Li,Chaoyang Zhang
Hongzhen Li,Chaoyang Zhang
Hongzhen Li,Fude Nie
Hongzhen Li,Fude Nie
Hongzhen Li,Chaoyang Zhang
Juho Leinonen,Arto Hellas
Juho Leinonen,Arto Hellas
Juho Leinonen,Arto Hellas
Juho Leinonen,James Prather
Juho Leinonen,Brett A. Becker
Juho Leinonen,Stephen MacNeil
Juho Leinonen,Arto Hellas
Juho Leinonen,James Prather
Juho Leinonen,Brett A. Becker
Juho Leinonen,Andrew Luxton-Reilly
Juho Leinonen,Stephen MacNeil
Juho Leinonen,Stephen MacNeil
Juho Leinonen,Arto Hellas
Juho Leinonen,James Prather
Juho Leinonen,Brett A. Becker
Juho Leinonen,Andrew Luxton-Reilly
Juho Leinonen,James Prather
Juho Leinonen,Brett A. Becker
Juho Leinonen,Arto Hellas
Juho Leinonen,Andrew Luxton-Reilly
Juho Leinonen,Arto Hellas
Juho Leinonen,James Prather
Juho Leinonen,Brett A. Becker
Juho Leinonen,Arto Hellas
Juho Leinonen,James Prather
Juho Leinonen,Andrew Luxton-Reilly
Juho Leinonen,Brett A. Becker
Juho Leinonen,Andrew Luxton-Reilly
Juho Leinonen,Stephen MacNeil
Juho Leinonen,Arto Hellas
Juho Leinonen,James Prather
Juho Leinonen,Brett A. Becker
Juho Leinonen,Andrew Luxton-Reilly
Juho Leinonen,Stephen MacNeil
Juho Leinonen,Stephen MacNeil
Juho Leinonen,Arto Hellas
Juho Leinonen,Arto Hellas
Juho Leinonen,Stephen MacNeil
Juho Leinonen,Arto Hellas
Juho Leinonen,James Prather
Juho Leinonen,Brett A. Becker
Juho Leinonen,James Prather
Juho Leinonen,Arto Hellas
Juho Leinonen,James Prather
Juho Leinonen,Brett A. Becker
Juho Leinonen,Andrew Luxton-Reilly
Juho Leinonen,Brett A. Becker
Juho Leinonen,James Prather
Juho Leinonen,Andrew Luxton-Reilly
Juho Leinonen,Stephen MacNeil
Juho Leinonen,Brett A. Becker
Juho Leinonen,Arto Hellas
Juho Leinonen,James Prather
Juho Leinonen,James Prather
Juho Leinonen,Stephen MacNeil
Juho Leinonen,Brett A. Becker
Juho Leinonen,Andrew Luxton-Reilly
Xipeng Qiu,Xuanjing Huang
Xipeng Qiu,Jie Tang
Xipeng Qiu,Ji-Rong Wen
Xipeng Qiu,Tianxiang Sun
Xipeng Qiu,Xuanjing Huang
Xipeng Qiu,Xuanjing Huang
Xipeng Qiu,Xuanjing Huang
Xipeng Qiu,Xuanjing Huang
Xipeng Qiu,Xuanjing Huang
Xipeng Qiu,Furu Wei
Xipeng Qiu,Xuanjing Huang
Xipeng Qiu,Xuanjing Huang
Xipeng Qiu,Tianxiang Sun
Xipeng Qiu,Tianxiang Sun
Xipeng Qiu,Xuanjing Huang
Xipeng Qiu,Tianxiang Sun
Xipeng Qiu,Xuanjing Huang
Xipeng Qiu,Xuanjing Huang
Eugenia Carrillo,Javier Moreno
Eugenia Carrillo,Javier Moreno
Eugenia Carrillo,Javier Moreno
Eugenia Carrillo,Ana Victoria Ibarra‐Meneses
Eugenia Carrillo,Javier Moreno
Eugenia Carrillo,Ana Victoria Ibarra‐Meneses
Eugenia Carrillo,Javier Moreno
Eugenia Carrillo,Ana Victoria Ibarra‐Meneses
Eugenia Carrillo,Carmen Chicharro
Eugenia Carrillo,Javier Moreno
Eugenia Carrillo,Ana Victoria Ibarra‐Meneses
Eugenia Carrillo,Javier Moreno
Eugenia Carrillo,Javier Moreno
Eugenia Carrillo,Javier Moreno
Eugenia Carrillo,Carmen Chicharro
Eugenia Carrillo,Javier Moreno
Eugenia Carrillo,Ana Victoria Ibarra‐Meneses
Eugenia Carrillo,Carmen Chicharro
Eugenia Carrillo,Javier Moreno
Eugenia Carrillo,José M. Requena
Eugenia Carrillo,Javier Moreno
Eugenia Carrillo,Carmen Chicharro
Eugenia Carrillo,Javier Moreno
Eugenia Carrillo,Ana Victoria Ibarra‐Meneses
Eugenia Carrillo,Javier Moreno
Eugenia Carrillo,Javier Moreno
Eugenia Carrillo,Javier Moreno
Eugenia Carrillo,Ana Victoria Ibarra‐Meneses
Eugenia Carrillo,Javier Moreno
Eugenia Carrillo,Carmen Chicharro
Eugenia Carrillo,Javier Moreno
Eugenia Carrillo,Javier Moreno
Eugenia Carrillo,Javier Moreno
Eugenia Carrillo,Ana Victoria Ibarra‐Meneses
Eugenia Carrillo,Carmen Chicharro
Eugenia Carrillo,Javier Moreno
Eugenia Carrillo,Ana Victoria Ibarra‐Meneses
Eugenia Carrillo,Javier Moreno
Eugenia Carrillo,Ana Victoria Ibarra‐Meneses
Eugenia Carrillo,Javier Moreno
Diyi Yang,Mohit Bansal
Marco Muselli,Damiano Verda
Marco Muselli,Damiano Verda
Marco Muselli,Damiano Verda
Marco Muselli,Damiano Verda
Marco Muselli,Damiano Verda
Marco Muselli,Damiano Verda
Marco Muselli,Damiano Verda
Marco Muselli,Damiano Verda
Marco Muselli,Damiano Verda
Marco Muselli,Damiano Verda
Marco Muselli,Jakob Nikolas Kather
Marco Muselli,Damiano Verda
Marco Muselli,Damiano Verda
Marco Muselli,Jakob Nikolas Kather
Marco Muselli,Damiano Verda
Marco Muselli,Damiano Verda
Marco Muselli,Damiano Verda
Marco Muselli,Damiano Verda
Shafiq Joty,Caiming Xiong
Shafiq Joty,Lidong Bing
Shafiq Joty,Caiming Xiong
Shafiq Joty,Lidong Bing
Shafiq Joty,Kam‐Fai Wong
Shafiq Joty,Lidong Bing
Ji-Rong Wen,Xipeng Qiu
Ji-Rong Wen,Jie Tang
Ji-Rong Wen,Zhicheng Dou
Ji-Rong Wen,Fuli Feng
Ji-Rong Wen,Zhaochun Ren
Ji-Rong Wen,Zhicheng Dou
Robert de Mello Koch,Sanjaye Ramgoolam
Robert de Mello Koch,Sanjaye Ramgoolam
Robert de Mello Koch,Sanjaye Ramgoolam
Bálint Németh,Gábor Göcsei
Bálint Németh,Gábor Göcsei
Bálint Németh,Gábor Göcsei
Bálint Németh,Gábor Göcsei
Bálint Németh,Gábor Göcsei
Bálint Németh,Gábor Göcsei
Bálint Németh,Gábor Göcsei
Bálint Németh,Gábor Göcsei
Bálint Németh,Gábor Göcsei
Chris Callison-Burch,Dan Roth
Chris Callison-Burch,Martha Palmer
Chris Callison-Burch,Jiawei Han
Chris Callison-Burch,Dan Roth
Chris Callison-Burch,Dan Roth
Gábor Göcsei,Bálint Németh
Gábor Göcsei,Bálint Németh
Gábor Göcsei,Bálint Németh
Gábor Göcsei,Bálint Németh
Gábor Göcsei,Bálint Németh
Gábor Göcsei,Bálint Németh
Gábor Göcsei,Bálint Németh
Gábor Göcsei,Bálint Németh
Gábor Göcsei,Bálint Németh
Gábor Göcsei,Bálint Németh
Gábor Göcsei,Bálint Németh
Gábor Göcsei,Bálint Németh
Gábor Göcsei,Bálint Németh
Gábor Göcsei,Bálint Németh
Gábor Göcsei,Bálint Németh
Gábor Göcsei,Bálint Németh
Gábor Göcsei,Bálint Németh
Gábor Göcsei,Bálint Németh
Gábor Göcsei,Bálint Németh
Gábor Göcsei,Bálint Németh
Gábor Göcsei,Bálint Németh
Gábor Göcsei,Bálint Németh
Chaoyang Zhang,Hongzhen Li
Chaoyang Zhang,Hongzhen Li
Chaoyang Zhang,Hongzhen Li
Chaoyang Zhang,Hongzhen Li
Chaoyang Zhang,Hongzhen Li
Chaoyang Zhang,Hongzhen Li
Chaoyang Zhang,Hongzhen Li
Tat‐Seng Chua,Fuli Feng
Tat‐Seng Chua,Fuli Feng
Tat‐Seng Chua,Fuli Feng
Tat‐Seng Chua,Fuli Feng
Tat‐Seng Chua,Fuli Feng
Sheng Wang,Jing Wang
Sheng Wang,Jing Wang
Sima Rafati,Tahereh Taheri
Sima Rafati,Yasaman Taslimi
Sima Rafati,Yasaman Taslimi
Sima Rafati,Farnaz Zahedifard
Sima Rafati,Tahereh Taheri
Sima Rafati,Farnaz Zahedifard
Sima Rafati,Tahereh Taheri
Sima Rafati,Tahereh Taheri
Sima Rafati,Farnaz Zahedifard
Sima Rafati,Tahereh Taheri
Sima Rafati,Yasaman Taslimi
Sima Rafati,Yasaman Taslimi
Sima Rafati,Farnaz Zahedifard
Sima Rafati,Tahereh Taheri
Sima Rafati,Farnaz Zahedifard
Sima Rafati,Tahereh Taheri
Sima Rafati,Farnaz Zahedifard
Sima Rafati,Yasaman Taslimi
Sima Rafati,Tahereh Taheri
Sima Rafati,Farnaz Zahedifard
Sima Rafati,Tahereh Taheri
Brett A. Becker,Andrew Luxton-Reilly
Brett A. Becker,Andrew Luxton-Reilly
Brett A. Becker,James Prather
Brett A. Becker,James Prather
Brett A. Becker,Andrew Luxton-Reilly
Brett A. Becker,James Prather
Brett A. Becker,Juho Leinonen
Brett A. Becker,Arto Hellas
Brett A. Becker,James Prather
Brett A. Becker,James Prather
Brett A. Becker,Juho Leinonen
Brett A. Becker,Andrew Luxton-Reilly
Brett A. Becker,Stephen MacNeil
Brett A. Becker,Andrew Luxton-Reilly
Brett A. Becker,James Prather
Brett A. Becker,James Prather
Brett A. Becker,James Prather
Brett A. Becker,Juho Leinonen
Brett A. Becker,Andrew Luxton-Reilly
Brett A. Becker,James Prather
Brett A. Becker,Arto Hellas
Brett A. Becker,Juho Leinonen
Brett A. Becker,Andrew Luxton-Reilly
Brett A. Becker,James Prather
Brett A. Becker,Arto Hellas
Brett A. Becker,Juho Leinonen
Brett A. Becker,Juho Leinonen
Brett A. Becker,James Prather
Brett A. Becker,Andrew Luxton-Reilly
Brett A. Becker,James Prather
Brett A. Becker,James Prather
Brett A. Becker,James Prather
Brett A. Becker,Juho Leinonen
Brett A. Becker,Andrew Luxton-Reilly
Brett A. Becker,Stephen MacNeil
Brett A. Becker,Stephen MacNeil
Brett A. Becker,Juho Leinonen
Brett A. Becker,Arto Hellas
Brett A. Becker,James Prather
Brett A. Becker,James Prather
Brett A. Becker,James Prather
Brett A. Becker,Juho Leinonen
Brett A. Becker,Andrew Luxton-Reilly
Brett A. Becker,Juho Leinonen
Brett A. Becker,James Prather
Brett A. Becker,Andrew Luxton-Reilly
O-Kab Kwon,Yoonbai Kim
O-Kab Kwon,Dongmin Jang
O-Kab Kwon,Yoonbai Kim
O-Kab Kwon,Dongmin Jang
O-Kab Kwon,Yoonbai Kim
O-Kab Kwon,Dongmin Jang
O-Kab Kwon,Yoonbai Kim
O-Kab Kwon,Dongmin Jang
O-Kab Kwon,Yoonbai Kim
O-Kab Kwon,Dongmin Jang
O-Kab Kwon,Yoonbai Kim
O-Kab Kwon,Dongmin Jang
O-Kab Kwon,Yoonbai Kim
O-Kab Kwon,Yoonbai Kim
O-Kab Kwon,Yoonbai Kim
O-Kab Kwon,Yoonbai Kim
O-Kab Kwon,Dongmin Jang
O-Kab Kwon,Yoonbai Kim
Pierre‐Jean Arnoux,Catherine Masson
Pierre‐Jean Arnoux,Catherine Masson
Pierre‐Jean Arnoux,Catherine Masson
Pierre‐Jean Arnoux,Catherine Masson
Pierre‐Jean Arnoux,Catherine Masson
Pierre‐Jean Arnoux,Catherine Masson
Pierre‐Jean Arnoux,Catherine Masson
Pierre‐Jean Arnoux,Catherine Masson
Martin Kozek,Michaela Killian
Martin Kozek,Michaela Killian
Iryna Gurevych,André F. T. Martins
Evdokimos Konstantinidis,Panagiotis D. Bamidis
Evdokimos Konstantinidis,Panagiotis D. Bamidis
Evdokimos Konstantinidis,Panagiotis D. Bamidis
Evdokimos Konstantinidis,Panagiotis D. Bamidis
Evdokimos Konstantinidis,Panagiotis D. Bamidis
Evdokimos Konstantinidis,Panagiotis D. Bamidis
Evdokimos Konstantinidis,Panagiotis D. Bamidis
Evdokimos Konstantinidis,Panagiotis D. Bamidis
Evdokimos Konstantinidis,Vasiliki Zilidou
Evdokimos Konstantinidis,Panagiotis D. Bamidis
Evdokimos Konstantinidis,Panagiotis D. Bamidis
Evdokimos Konstantinidis,Panagiotis D. Bamidis
Evdokimos Konstantinidis,Panagiotis D. Bamidis
Evdokimos Konstantinidis,Vasiliki Zilidou
Evdokimos Konstantinidis,Panagiotis D. Bamidis
Evdokimos Konstantinidis,Vasiliki Zilidou
Evdokimos Konstantinidis,Panagiotis D. Bamidis
Evdokimos Konstantinidis,Antonis Billis
Evdokimos Konstantinidis,Panagiotis D. Bamidis
Evdokimos Konstantinidis,Panagiotis D. Bamidis
Evdokimos Konstantinidis,Panagiotis D. Bamidis
Evdokimos Konstantinidis,Panagiotis D. Bamidis
Evdokimos Konstantinidis,Panagiotis D. Bamidis
Evdokimos Konstantinidis,Panagiotis D. Bamidis
Evdokimos Konstantinidis,Panagiotis D. Bamidis
Evdokimos Konstantinidis,Panagiotis D. Bamidis
Evdokimos Konstantinidis,Panagiotis D. Bamidis
Damon A. Parrish,Gregory H. Imler
Damon A. Parrish,Jean’ne M. Shreeve
Damon A. Parrish,Gregory H. Imler
Damon A. Parrish,Jean’ne M. Shreeve
Damon A. Parrish,Gregory H. Imler
Damon A. Parrish,Jean’ne M. Shreeve
Damon A. Parrish,Gregory H. Imler
Damon A. Parrish,Jean’ne M. Shreeve
Damon A. Parrish,Gregory H. Imler
Damon A. Parrish,Jean’ne M. Shreeve
Damon A. Parrish,Gregory H. Imler
Damon A. Parrish,Jean’ne M. Shreeve
Damon A. Parrish,Gregory H. Imler
Damon A. Parrish,Jean’ne M. Shreeve
Damon A. Parrish,Gregory H. Imler
Damon A. Parrish,Jean’ne M. Shreeve
Damon A. Parrish,Gregory H. Imler
Damon A. Parrish,Jean’ne M. Shreeve
Damon A. Parrish,Jean’ne M. Shreeve
Damon A. Parrish,Gregory H. Imler
Damon A. Parrish,Gregory H. Imler
Damon A. Parrish,Jean’ne M. Shreeve
Damon A. Parrish,Gregory H. Imler
Damon A. Parrish,Jean’ne M. Shreeve
Damon A. Parrish,Gregory H. Imler
Damon A. Parrish,Jean’ne M. Shreeve
Damon A. Parrish,Gregory H. Imler
Damon A. Parrish,Jean’ne M. Shreeve
Damon A. Parrish,Gregory H. Imler
Damon A. Parrish,Jean’ne M. Shreeve
Damon A. Parrish,Gregory H. Imler
Damon A. Parrish,Jean’ne M. Shreeve
Damon A. Parrish,Gregory H. Imler
Damon A. Parrish,Jean’ne M. Shreeve
Damon A. Parrish,Gregory H. Imler
Damon A. Parrish,Jean’ne M. Shreeve
Damon A. Parrish,Gregory H. Imler
Damon A. Parrish,Jean’ne M. Shreeve
Damon A. Parrish,Gregory H. Imler
Damon A. Parrish,Jean’ne M. Shreeve
Damon A. Parrish,Gregory H. Imler
Damon A. Parrish,Jean’ne M. Shreeve
Damon A. Parrish,Gregory H. Imler
Damon A. Parrish,Jean’ne M. Shreeve
Damon A. Parrish,Gregory H. Imler
Damon A. Parrish,Jean’ne M. Shreeve
Damon A. Parrish,Gregory H. Imler
Damon A. Parrish,Jean’ne M. Shreeve
Jean’ne M. Shreeve,Gregory H. Imler
Jean’ne M. Shreeve,Damon A. Parrish
Jean’ne M. Shreeve,Gregory H. Imler
Jean’ne M. Shreeve,Damon A. Parrish
Jean’ne M. Shreeve,Gregory H. Imler
Jean’ne M. Shreeve,Damon A. Parrish
Jean’ne M. Shreeve,Gregory H. Imler
Jean’ne M. Shreeve,Damon A. Parrish
Jean’ne M. Shreeve,Gregory H. Imler
Jean’ne M. Shreeve,Damon A. Parrish
Jean’ne M. Shreeve,Gregory H. Imler
Jean’ne M. Shreeve,Damon A. Parrish
Jean’ne M. Shreeve,Gregory H. Imler
Jean’ne M. Shreeve,Damon A. Parrish
Jean’ne M. Shreeve,Gregory H. Imler
Jean’ne M. Shreeve,Damon A. Parrish
Jean’ne M. Shreeve,Gregory H. Imler
Jean’ne M. Shreeve,Damon A. Parrish
Jean’ne M. Shreeve,Damon A. Parrish
Jean’ne M. Shreeve,Gregory H. Imler
Jean’ne M. Shreeve,Damon A. Parrish
Jean’ne M. Shreeve,Gregory H. Imler
Jean’ne M. Shreeve,Damon A. Parrish
Jean’ne M. Shreeve,Gregory H. Imler
Jean’ne M. Shreeve,Damon A. Parrish
Yangqiu Song,Dan Roth
Zhenchang Xing,David Lo
Zhenchang Xing,Chunyang Chen
Zhenchang Xing,David Lo
Zhenchang Xing,Chunyang Chen
Zhenchang Xing,David Lo
Zhenchang Xing,Chunyang Chen
Zhenchang Xing,Chunyang Chen
Zhenchang Xing,Chunyang Chen
Zhenchang Xing,Chunyang Chen
Zhenchang Xing,Chunyang Chen
Zhenchang Xing,Chunyang Chen
Zhenchang Xing,Chunyang Chen
Zhenchang Xing,Chunyang Chen
Zhenchang Xing,Chunyang Chen
Zhenchang Xing,David Lo
Zhenchang Xing,Chunyang Chen
Zhenchang Xing,Chunyang Chen
Stephen MacNeil,Arto Hellas
Stephen MacNeil,Juho Leinonen
Stephen MacNeil,James Prather
Stephen MacNeil,Juho Leinonen
Stephen MacNeil,Brett A. Becker
Stephen MacNeil,Andrew Luxton-Reilly
Stephen MacNeil,Juho Leinonen
Stephen MacNeil,Arto Hellas
Stephen MacNeil,Juho Leinonen
Stephen MacNeil,Arto Hellas
Stephen MacNeil,James Prather
Stephen MacNeil,Juho Leinonen
Stephen MacNeil,Brett A. Becker
Stephen MacNeil,Andrew Luxton-Reilly
Stephen MacNeil,Juho Leinonen
Stephen MacNeil,Arto Hellas
Stephen MacNeil,Juho Leinonen
Stephen MacNeil,Arto Hellas
Stephen MacNeil,James Prather
Stephen MacNeil,Brett A. Becker
Stephen MacNeil,Juho Leinonen
Stephen MacNeil,Brett A. Becker
Stephen MacNeil,Arto Hellas
Stephen MacNeil,James Prather
Stephen MacNeil,James Prather
Stephen MacNeil,Juho Leinonen
Stephen MacNeil,Brett A. Becker
Stephen MacNeil,Andrew Luxton-Reilly
James Prather,Brett A. Becker
James Prather,Andrew Luxton-Reilly
James Prather,Brett A. Becker
James Prather,Brett A. Becker
James Prather,Andrew Luxton-Reilly
James Prather,Juho Leinonen
James Prather,Arto Hellas
James Prather,Brett A. Becker
James Prather,Juho Leinonen
James Prather,Brett A. Becker
James Prather,Andrew Luxton-Reilly
James Prather,Stephen MacNeil
James Prather,Andrew Luxton-Reilly
James Prather,Brett A. Becker
James Prather,Brett A. Becker
James Prather,Brett A. Becker
James Prather,Juho Leinonen
James Prather,Andrew Luxton-Reilly
James Prather,Brett A. Becker
James Prather,Arto Hellas
James Prather,Juho Leinonen
James Prather,Andrew Luxton-Reilly
James Prather,Brett A. Becker
James Prather,Arto Hellas
James Prather,Juho Leinonen
James Prather,Juho Leinonen
James Prather,Andrew Luxton-Reilly
James Prather,Brett A. Becker
James Prather,Brett A. Becker
James Prather,Brett A. Becker
James Prather,Juho Leinonen
James Prather,Brett A. Becker
James Prather,Andrew Luxton-Reilly
James Prather,Stephen MacNeil
James Prather,Stephen MacNeil
James Prather,Juho Leinonen
James Prather,Arto Hellas
James Prather,Brett A. Becker
James Prather,Brett A. Becker
James Prather,Arto Hellas
James Prather,Juho Leinonen
James Prather,Brett A. Becker
James Prather,Juho Leinonen
James Prather,Andrew Luxton-Reilly
James Prather,Brett A. Becker
James Prather,Juho Leinonen
James Prather,Brett A. Becker
James Prather,Stephen MacNeil
James Prather,Juho Leinonen
James Prather,Brett A. Becker
James Prather,Arto Hellas
James Prather,Juho Leinonen
James Prather,Stephen MacNeil
James Prather,Brett A. Becker
James Prather,Andrew Luxton-Reilly
James Prather,Brett A. Becker
James Prather,Juho Leinonen
Fude Nie,Hongzhen Li
Fude Nie,Longyu Liao
Fude Nie,Guijuan Fan
Fude Nie,Hongzhen Li
Fude Nie,Hongzhen Li
Fude Nie,Hongzhen Li
Fude Nie,Guijuan Fan
Fude Nie,Longyu Liao
Jing Wang,Sheng Wang
Á. Rodríguez‐Vázquez,Ricardo Carmona‐Galán
Á. Rodríguez‐Vázquez,Ricardo Carmona‐Galán
Á. Rodríguez‐Vázquez,Ricardo Carmona‐Galán
Á. Rodríguez‐Vázquez,Ricardo Carmona‐Galán
Á. Rodríguez‐Vázquez,Ricardo Carmona‐Galán
Á. Rodríguez‐Vázquez,Ricardo Carmona‐Galán
Á. Rodríguez‐Vázquez,Ricardo Carmona‐Galán
Á. Rodríguez‐Vázquez,Ricardo Carmona‐Galán
Á. Rodríguez‐Vázquez,Ricardo Carmona‐Galán
Á. Rodríguez‐Vázquez,Ricardo Carmona‐Galán
Á. Rodríguez‐Vázquez,Ricardo Carmona‐Galán
Zhi Jin,David Lo
Zhi Jin,David Lo
Zhi Jin,David Lo
Kai-Wei Chang,Nanyun Peng
Kai-Wei Chang,Mohit Bansal
Kai-Wei Chang,Nanyun Peng
Kai-Wei Chang,Nanyun Peng
Kai-Wei Chang,Nanyun Peng
Xuanjing Huang,Xipeng Qiu
Xuanjing Huang,Xipeng Qiu
Xuanjing Huang,Tianxiang Sun
Xuanjing Huang,Xipeng Qiu
Xuanjing Huang,Xipeng Qiu
Xuanjing Huang,Xipeng Qiu
Xuanjing Huang,Xipeng Qiu
Xuanjing Huang,Xipeng Qiu
Xuanjing Huang,Xipeng Qiu
Xuanjing Huang,Tianxiang Sun
Xuanjing Huang,Xipeng Qiu
Xuanjing Huang,Tianxiang Sun
Xuanjing Huang,Xipeng Qiu
Xuanjing Huang,Xipeng Qiu
Xuanjing Huang,Tianxiang Sun
Xuanjing Huang,Xipeng Qiu
Xuanjing Huang,Tianxiang Sun
Xuanjing Huang,Xipeng Qiu
Liming Yu,Jing Wang
Liming Yu,Lei Zhu
Liming Yu,Jing Wang
Mrinmaya Sachan,Graham Neubig
Mrinmaya Sachan,Rada Mihalcea
Mrinmaya Sachan,Rada Mihalcea
Mrinmaya Sachan,Iryna Gurevych
Mrinmaya Sachan,Iryna Gurevych
Mrinmaya Sachan,Maarten Sap
Mrinmaya Sachan,Rada Mihalcea
Mrinmaya Sachan,Ningyu Zhang
Tongshuang Wu,Michael Terry
Tongshuang Wu,Michael Terry
Tongshuang Wu,Graham Neubig
Tongshuang Wu,Graham Neubig
Tongshuang Wu,André F. T. Martins
Tongshuang Wu,Diyi Yang
Tongshuang Wu,Nanyun Peng
Tongshuang Wu,Dongmei Zhang
Tongshuang Wu,Graham Neubig
Dan Roth,Chris Callison-Burch
Dan Roth,Nanyun Peng
Guido de Blasio,Sauro Mocetti
Guido de Blasio,Sauro Mocetti
Warren M. Rozen,Ishith Seth
Warren M. Rozen,Ishith Seth
Warren M. Rozen,Ishith Seth
Warren M. Rozen,Ishith Seth
Warren M. Rozen,Ishith Seth
Warren M. Rozen,Ishith Seth
Warren M. Rozen,Ishith Seth
Warren M. Rozen,Ishith Seth
Warren M. Rozen,Ishith Seth
Warren M. Rozen,Ishith Seth
Warren M. Rozen,Ishith Seth
Warren M. Rozen,Ishith Seth
Warren M. Rozen,Ishith Seth
Warren M. Rozen,Ishith Seth
Warren M. Rozen,Ishith Seth
Warren M. Rozen,Ishith Seth
Warren M. Rozen,Ishith Seth
Warren M. Rozen,Ishith Seth
Warren M. Rozen,Ishith Seth
Warren M. Rozen,Ishith Seth
Warren M. Rozen,Ishith Seth
Steven J. Baumrucker,Matt Stolick
Steven J. Baumrucker,Matt Stolick
Steven J. Baumrucker,Matt Stolick
Steven J. Baumrucker,Matt Stolick
Steven J. Baumrucker,Matt Stolick
Steven J. Baumrucker,Matt Stolick
Steven J. Baumrucker,Matt Stolick
Steven J. Baumrucker,Matt Stolick
Steven J. Baumrucker,Matt Stolick
Steven J. Baumrucker,Matt Stolick
Ishith Seth,Warren M. Rozen
Ishith Seth,Warren M. Rozen
Ishith Seth,Warren M. Rozen
Ishith Seth,Warren M. Rozen
Ishith Seth,Warren M. Rozen
Ishith Seth,Warren M. Rozen
Ishith Seth,Warren M. Rozen
Ishith Seth,Warren M. Rozen
Ishith Seth,Warren M. Rozen
Ishith Seth,Warren M. Rozen
Ishith Seth,Warren M. Rozen
Ishith Seth,Warren M. Rozen
Ishith Seth,Warren M. Rozen
Ishith Seth,Warren M. Rozen
Ishith Seth,Warren M. Rozen
Ishith Seth,Warren M. Rozen
Ishith Seth,Warren M. Rozen
Ishith Seth,Warren M. Rozen
Ishith Seth,Warren M. Rozen
Ishith Seth,Warren M. Rozen
Jakob Nikolas Kather,Daniel Truhn
Jakob Nikolas Kather,Daniel Truhn
Jakob Nikolas Kather,Daniel Truhn
Jakob Nikolas Kather,Daniel Truhn
Jakob Nikolas Kather,Daniel Truhn
Yanghua Xiao,Shimin Tao
Yoonbai Kim,O-Kab Kwon
Yoonbai Kim,O-Kab Kwon
Yoonbai Kim,Dongmin Jang
Yoonbai Kim,Dongmin Jang
Yoonbai Kim,O-Kab Kwon
Yoonbai Kim,Dongmin Jang
Yoonbai Kim,O-Kab Kwon
Yoonbai Kim,Dongmin Jang
Yoonbai Kim,O-Kab Kwon
Yoonbai Kim,O-Kab Kwon
Yoonbai Kim,Dongmin Jang
Yoonbai Kim,Dongmin Jang
Yoonbai Kim,O-Kab Kwon
Yoonbai Kim,O-Kab Kwon
Yoonbai Kim,O-Kab Kwon
Yoonbai Kim,O-Kab Kwon
Yoonbai Kim,Dongmin Jang
Yoonbai Kim,O-Kab Kwon
Shimin Tao,Yanghua Xiao
Michaela Killian,Martin Kozek
Michaela Killian,Martin Kozek
Michaela Killian,Martin Kozek
Michaela Killian,Martin Kozek
Michaela Killian,Martin Kozek
Z.B. Shi,X.R. Duan
Z.B. Shi,X.R. Duan
Z.B. Shi,X.R. Duan
Z.B. Shi,X.R. Duan
Z.B. Shi,X.R. Duan
Z.B. Shi,X.R. Duan
Z.B. Shi,X.R. Duan
Z.B. Shi,X.R. Duan
Z.B. Shi,X.R. Duan
Z.B. Shi,X.R. Duan
Z.B. Shi,X.R. Duan
Sauro Mocetti,Guido de Blasio
Caiming Xiong,Shafiq Joty
Caiming Xiong,Byron Wallace
Caiming Xiong,Julian McAuley
Antonis Billis,Panagiotis D. Bamidis
Antonis Billis,Panagiotis D. Bamidis
Antonis Billis,Panagiotis D. Bamidis
Antonis Billis,Panagiotis D. Bamidis
Antonis Billis,Panagiotis D. Bamidis
Antonis Billis,Evdokimos Konstantinidis
Antonis Billis,Panagiotis D. Bamidis
Antonis Billis,Panagiotis D. Bamidis
Antonis Billis,Panagiotis D. Bamidis
Antonis Billis,Vasiliki Zilidou
Antonis Billis,Evdokimos Konstantinidis
Antonis Billis,Panagiotis D. Bamidis
Antonis Billis,Evdokimos Konstantinidis
Antonis Billis,Panagiotis D. Bamidis
Antonis Billis,Panagiotis D. Bamidis
Antonis Billis,Vasiliki Zilidou
Antonis Billis,Panagiotis D. Bamidis
Antonis Billis,Panagiotis D. Bamidis
Antonis Billis,Panagiotis D. Bamidis
Antonis Billis,Evdokimos Konstantinidis
Antonis Billis,Panagiotis D. Bamidis
Antonis Billis,Panagiotis D. Bamidis
Antonis Billis,Evdokimos Konstantinidis
Antonis Billis,Panagiotis D. Bamidis
Antonis Billis,Panagiotis D. Bamidis
Antonis Billis,Evdokimos Konstantinidis
Antonis Billis,Christos A. Frantzidιs
Antonis Billis,Panagiotis D. Bamidis
Antonis Billis,Panagiotis D. Bamidis
Antonis Billis,Evdokimos Konstantinidis
Antonis Billis,Vasiliki Zilidou
Antonis Billis,Panagiotis D. Bamidis
Antonis Billis,Panagiotis D. Bamidis
Markus Leippold,Mathias Kraus
Markus Leippold,Mathias Kraus
Markus Leippold,Mathias Kraus
Markus Leippold,Mathias Kraus
Markus Leippold,Mathias Kraus
Markus Leippold,Mathias Kraus
Markus Leippold,Mathias Kraus
Markus Leippold,Mathias Kraus
Markus Leippold,Mathias Kraus
Markus Leippold,Mathias Kraus
Arto Hellas,Juho Leinonen
Arto Hellas,Juho Leinonen
Arto Hellas,Juho Leinonen
Arto Hellas,James Prather
Arto Hellas,Brett A. Becker
Arto Hellas,Stephen MacNeil
Arto Hellas,Juho Leinonen
Arto Hellas,Juho Leinonen
Arto Hellas,Stephen MacNeil
Arto Hellas,James Prather
Arto Hellas,Brett A. Becker
Arto Hellas,Juho Leinonen
Arto Hellas,Andrew Luxton-Reilly
Arto Hellas,Juho Leinonen
Arto Hellas,James Prather
Arto Hellas,Brett A. Becker
Arto Hellas,Juho Leinonen
Arto Hellas,Stephen MacNeil
Arto Hellas,Juho Leinonen
Arto Hellas,Stephen MacNeil
Arto Hellas,Juho Leinonen
Arto Hellas,Juho Leinonen
Arto Hellas,Stephen MacNeil
Arto Hellas,Juho Leinonen
Arto Hellas,James Prather
Arto Hellas,Brett A. Becker
Arto Hellas,James Prather
Arto Hellas,Juho Leinonen
Arto Hellas,Stephen MacNeil
Arto Hellas,Juho Leinonen
Arto Hellas,Brett A. Becker
Arto Hellas,James Prather
Arto Hellas,Juho Leinonen
Arto Hellas,Juho Leinonen
Arto Hellas,Brett A. Becker
Arto Hellas,Juho Leinonen
Arto Hellas,James Prather
Arto Hellas,Juho Leinonen
Arto Hellas,Brett A. Becker
Arto Hellas,Juho Leinonen
Zhaochun Ren,Zhicheng Dou
Zhaochun Ren,Fuli Feng
Zhaochun Ren,Ji-Rong Wen
Zhaochun Ren,Lidong Bing
Zhaochun Ren,Ji-Rong Wen
Yejin Choi,Furu Wei
Yejin Choi,Maarten Sap
Yejin Choi,Maarten Sap
Yejin Choi,Maarten Sap
Yejin Choi,Maarten Sap
Yejin Choi,Maarten Sap
Yejin Choi,Maarten Sap
Mohit Bansal,Kai-Wei Chang
Mohit Bansal,Diyi Yang
Mohit Bansal,Caiming Xiong
Mohit Bansal,Jiawei Han
Mohit Bansal,Tianming Liu
Maarten Sap,Yejin Choi
Maarten Sap,Yejin Choi
Maarten Sap,Yejin Choi
Maarten Sap,Yejin Choi
Maarten Sap,Yejin Choi
Maarten Sap,Yejin Choi
Maarten Sap,Yejin Choi
Maarten Sap,Yejin Choi
Maarten Sap,Yejin Choi
Maarten Sap,Yejin Choi
Maarten Sap,Yejin Choi
Maarten Sap,Yejin Choi
Maarten Sap,Yejin Choi
Maarten Sap,Yejin Choi
Maarten Sap,Yejin Choi
Maarten Sap,Yejin Choi
Maarten Sap,Yejin Choi
Maarten Sap,Yejin Choi
Maarten Sap,Dan Roth
Maarten Sap,Yejin Choi
Maarten Sap,Yejin Choi
Daniel Truhn,Jakob Nikolas Kather
Daniel Truhn,Jakob Nikolas Kather
Daniel Truhn,Jakob Nikolas Kather
Daniel Truhn,Jakob Nikolas Kather
Daniel Truhn,Jakob Nikolas Kather
Daniel Truhn,Jakob Nikolas Kather
Daniel Truhn,Jakob Nikolas Kather
Daniel Truhn,Jakob Nikolas Kather
Daniel Truhn,Jakob Nikolas Kather
Daniel Truhn,Jakob Nikolas Kather
Daniel Truhn,Jakob Nikolas Kather
Daniel Truhn,Jakob Nikolas Kather
Daniel Truhn,Jakob Nikolas Kather
Daniel Truhn,Jakob Nikolas Kather
Daniel Truhn,Jakob Nikolas Kather
Daniel Truhn,Jakob Nikolas Kather
Daniel Truhn,Jakob Nikolas Kather
Daniel Truhn,Jakob Nikolas Kather
Bing Qin,Furu Wei
Bing Qin,Furu Wei
Jiawei Han,Martha Palmer
Jiawei Han,Caiming Xiong
Jiawei Han,Mohit Bansal
Jiawei Han,Tianming Liu
Nanyun Peng,Kai-Wei Chang
Nanyun Peng,Kai-Wei Chang
Nanyun Peng,Graham Neubig
Nanyun Peng,Kai-Wei Chang
Nanyun Peng,Kai-Wei Chang
Nanyun Peng,Dan Roth
Nanyun Peng,Kai-Wei Chang
Nanyun Peng,Kai-Wei Chang
Nanyun Peng,Kai-Wei Chang
Nanyun Peng,Kai-Wei Chang
Nanyun Peng,Shinji Watanabe
Ahmad Kalhor,Babak Nadjar Araabi
Fuli Feng,Tat‐Seng Chua
Fuli Feng,Tat‐Seng Chua
Fuli Feng,Tat‐Seng Chua
Fuli Feng,Tat‐Seng Chua
Fuli Feng,Tat‐Seng Chua
Fuli Feng,Tat‐Seng Chua
Fuli Feng,Jie Tang
Fuli Feng,Tat‐Seng Chua
Fuli Feng,Tat‐Seng Chua
Fuli Feng,Tat‐Seng Chua
Fuli Feng,Zhicheng Dou
Fuli Feng,Zhaochun Ren
Fuli Feng,Ji-Rong Wen
Fuli Feng,Tat‐Seng Chua
Fuli Feng,Tat‐Seng Chua
Fuli Feng,Tat‐Seng Chua
Fuli Feng,Tat‐Seng Chua
Hammond Pearce,Ramesh Karri
Hammond Pearce,Ramesh Karri
Hammond Pearce,Ramesh Karri
Hammond Pearce,Ramesh Karri
Hammond Pearce,Ramesh Karri
Hammond Pearce,Ramesh Karri
Hammond Pearce,Ramesh Karri
Hammond Pearce,Ramesh Karri
Hammond Pearce,Ramesh Karri
Hammond Pearce,Ramesh Karri
Hammond Pearce,Ramesh Karri
Hammond Pearce,Ramesh Karri
Hammond Pearce,Ramesh Karri
Hammond Pearce,Ramesh Karri
Hammond Pearce,Ramesh Karri
Hammond Pearce,Ramesh Karri
Hammond Pearce,Ramesh Karri
Hammond Pearce,Ramesh Karri
Hammond Pearce,Ramesh Karri
Yasaman Taslimi,Tahereh Taheri
Yasaman Taslimi,Sima Rafati
Yasaman Taslimi,Sima Rafati
Yasaman Taslimi,Sima Rafati
Yasaman Taslimi,Farnaz Zahedifard
Yasaman Taslimi,Sima Rafati
Yasaman Taslimi,Sima Rafati
Yasaman Taslimi,Tahereh Taheri
Yasaman Taslimi,Farnaz Zahedifard
Yasaman Taslimi,Tahereh Taheri
Yasaman Taslimi,Sima Rafati
Yasaman Taslimi,Sima Rafati
Yasaman Taslimi,Sima Rafati
Yasaman Taslimi,Sima Rafati
Yasaman Taslimi,Sima Rafati
Yasaman Taslimi,Tahereh Taheri
Yasaman Taslimi,Tahereh Taheri
Yasaman Taslimi,Sima Rafati
Yasaman Taslimi,Sima Rafati
Yasaman Taslimi,Sima Rafati
Yasaman Taslimi,Tahereh Taheri
David Lo,Zhi Jin
David Lo,Zhi Jin
David Lo,Zhi Jin
David Lo,Zhenchang Xing
David Lo,Zhenchang Xing
David Lo,Zhenchang Xing
Arash Miranian,Majid Abdollahzade
Philip F. Pagoria,Gregory H. Imler
Philip F. Pagoria,Damon A. Parrish
Philip F. Pagoria,Gregory H. Imler
Philip F. Pagoria,Damon A. Parrish
Philip F. Pagoria,Damon A. Parrish
Philip F. Pagoria,Damon A. Parrish
Philip F. Pagoria,Damon A. Parrish
Philip F. Pagoria,Gregory H. Imler
Philip F. Pagoria,Damon A. Parrish
Philip F. Pagoria,Damon A. Parrish
Philip F. Pagoria,Damon A. Parrish
Philip F. Pagoria,Damon A. Parrish
Sanjaye Ramgoolam,Robert de Mello Koch
Sanjaye Ramgoolam,Robert de Mello Koch
Sanjaye Ramgoolam,Robert de Mello Koch
Furu Wei,Yejin Choi
Furu Wei,Xipeng Qiu
Furu Wei,Julian McAuley
Michael Terry,Tongshuang Wu
Michael Terry,Tongshuang Wu
Matt Stolick,Steven J. Baumrucker
Matt Stolick,Steven J. Baumrucker
Matt Stolick,Steven J. Baumrucker
Matt Stolick,Steven J. Baumrucker
Matt Stolick,Steven J. Baumrucker
Matt Stolick,Steven J. Baumrucker
Matt Stolick,Steven J. Baumrucker
Matt Stolick,Steven J. Baumrucker
Matt Stolick,Steven J. Baumrucker
Matt Stolick,Steven J. Baumrucker
Vasiliki Zilidou,Magda Tsolaki
Vasiliki Zilidou,Christos A. Frantzidιs
Vasiliki Zilidou,Panagiotis D. Bamidis
Vasiliki Zilidou,Evdokimos Konstantinidis
Vasiliki Zilidou,Panagiotis D. Bamidis
Vasiliki Zilidou,Evdokimos Konstantinidis
Vasiliki Zilidou,Panagiotis D. Bamidis
Vasiliki Zilidou,Evdokimos Konstantinidis
Vasiliki Zilidou,Panagiotis D. Bamidis
Vasiliki Zilidou,Panagiotis D. Bamidis
Vasiliki Zilidou,Panagiotis D. Bamidis
Vasiliki Zilidou,Evdokimos Konstantinidis
Vasiliki Zilidou,Antonis Billis
Vasiliki Zilidou,Panagiotis D. Bamidis
Vasiliki Zilidou,Magda Tsolaki
Vasiliki Zilidou,Panagiotis D. Bamidis
Vasiliki Zilidou,Antonis Billis
Vasiliki Zilidou,Panagiotis D. Bamidis
Vasiliki Zilidou,Panagiotis D. Bamidis
Vasiliki Zilidou,Panagiotis D. Bamidis
Vasiliki Zilidou,Panagiotis D. Bamidis
Vasiliki Zilidou,Panagiotis D. Bamidis
Vasiliki Zilidou,Evdokimos Konstantinidis
Vasiliki Zilidou,Panagiotis D. Bamidis
Vasiliki Zilidou,Evdokimos Konstantinidis
Vasiliki Zilidou,Panagiotis D. Bamidis
Vasiliki Zilidou,Evdokimos Konstantinidis
Vasiliki Zilidou,Panagiotis D. Bamidis
Byron Wallace,Caiming Xiong
Byron Wallace,Jing Wang
Jie Tang,Xipeng Qiu
Jie Tang,Ji-Rong Wen
Jie Tang,Fuli Feng
Jie Tang,Tat‐Seng Chua
José M. Requena,Javier Moreno
José M. Requena,Javier Moreno
José M. Requena,Eugenia Carrillo
José M. Requena,Javier Moreno
José M. Requena,Carmen Chicharro
José M. Requena,Javier Moreno
Damiano Verda,Marco Muselli
Damiano Verda,Marco Muselli
Damiano Verda,Marco Muselli
Damiano Verda,Jakob Nikolas Kather
Damiano Verda,Marco Muselli
Damiano Verda,Marco Muselli
Damiano Verda,Marco Muselli
Damiano Verda,Marco Muselli
Damiano Verda,Marco Muselli
Damiano Verda,Marco Muselli
Damiano Verda,Marco Muselli
Damiano Verda,Jakob Nikolas Kather
Damiano Verda,Marco Muselli
Damiano Verda,Marco Muselli
Damiano Verda,Jakob Nikolas Kather
Damiano Verda,Marco Muselli
Damiano Verda,Marco Muselli
Damiano Verda,Marco Muselli
Damiano Verda,Marco Muselli
Damiano Verda,Marco Muselli
Ramesh Karri,Hammond Pearce
Ramesh Karri,Hammond Pearce
Ramesh Karri,Hammond Pearce
Ramesh Karri,Hammond Pearce
Ramesh Karri,Hammond Pearce
Ramesh Karri,Hammond Pearce
Ramesh Karri,Hammond Pearce
Ramesh Karri,Hammond Pearce
Ramesh Karri,Hammond Pearce
Ramesh Karri,Hammond Pearce
Ramesh Karri,Hammond Pearce
Ramesh Karri,Hammond Pearce
Graham Neubig,Mrinmaya Sachan
Ana Victoria Ibarra‐Meneses,Javier Moreno
Ana Victoria Ibarra‐Meneses,Eugenia Carrillo
Ana Victoria Ibarra‐Meneses,Eugenia Carrillo
Ana Victoria Ibarra‐Meneses,Javier Moreno
Ana Victoria Ibarra‐Meneses,Carmen Chicharro
Ana Victoria Ibarra‐Meneses,Javier Moreno
Ana Victoria Ibarra‐Meneses,Eugenia Carrillo
Ana Victoria Ibarra‐Meneses,Eugenia Carrillo
Ana Victoria Ibarra‐Meneses,Javier Moreno
Ana Victoria Ibarra‐Meneses,Carmen Chicharro
Ana Victoria Ibarra‐Meneses,Eugenia Carrillo
Ana Victoria Ibarra‐Meneses,Javier Moreno
Ana Victoria Ibarra‐Meneses,Eugenia Carrillo
Ana Victoria Ibarra‐Meneses,Javier Moreno
Ana Victoria Ibarra‐Meneses,Eugenia Carrillo
Ana Victoria Ibarra‐Meneses,Javier Moreno
Ana Victoria Ibarra‐Meneses,Carmen Chicharro
Ana Victoria Ibarra‐Meneses,Javier Moreno
Ana Victoria Ibarra‐Meneses,Eugenia Carrillo
Ana Victoria Ibarra‐Meneses,Javier Moreno
Ana Victoria Ibarra‐Meneses,Eugenia Carrillo
Ana Victoria Ibarra‐Meneses,Eugenia Carrillo
Ana Victoria Ibarra‐Meneses,Javier Moreno
Ana Victoria Ibarra‐Meneses,Eugenia Carrillo
Ana Victoria Ibarra‐Meneses,Eugenia Carrillo
Ana Victoria Ibarra‐Meneses,Javier Moreno
Ana Victoria Ibarra‐Meneses,Eugenia Carrillo
Lidong Bing,Shafiq Joty
Lidong Bing,Tat‐Seng Chua
Lidong Bing,Tat‐Seng Chua
Lidong Bing,Shafiq Joty
Lidong Bing,Shafiq Joty
Tianming Liu,Caiming Xiong
Tianming Liu,Mohit Bansal
Tianming Liu,Jiawei Han
Kam‐Fai Wong,Shafiq Joty
Kam‐Fai Wong,Shafiq Joty
Kam‐Fai Wong,Shafiq Joty
Kam‐Fai Wong,Sheng Wang
Kam‐Fai Wong,Tat‐Seng Chua
Zhicheng Dou,Fuli Feng
Zhicheng Dou,Zhaochun Ren
Zhicheng Dou,Ji-Rong Wen
Zhicheng Dou,Ji-Rong Wen
Zhicheng Dou,Ji-Rong Wen
Zhicheng Dou,Ji-Rong Wen
Zhicheng Dou,Ji-Rong Wen
Zhicheng Dou,Ji-Rong Wen
Zhicheng Dou,Ji-Rong Wen
Zhicheng Dou,Ji-Rong Wen
Zhicheng Dou,Ji-Rong Wen
Zhicheng Dou,Ji-Rong Wen
Zhicheng Dou,Ji-Rong Wen
Zhicheng Dou,Ji-Rong Wen
Zhicheng Dou,Ji-Rong Wen
Zhicheng Dou,Ji-Rong Wen
Zhicheng Dou,Ji-Rong Wen
Zhicheng Dou,Ji-Rong Wen
Zhicheng Dou,Ji-Rong Wen
Zhicheng Dou,Ji-Rong Wen
X.R. Duan,Z.B. Shi
X.R. Duan,Z.B. Shi
X.R. Duan,Z.B. Shi
X.R. Duan,Z.B. Shi
X.R. Duan,Z.B. Shi
X.R. Duan,Z.B. Shi
X.R. Duan,Z.B. Shi
X.R. Duan,Z.B. Shi
X.R. Duan,Z.B. Shi
X.R. Duan,Z.B. Shi
X.R. Duan,Z.B. Shi
X.R. Duan,Z.B. Shi
X.R. Duan,Z.B. Shi
Martha Palmer,Jiawei Han
Martha Palmer,Chris Callison-Burch
Martha Palmer,Jiawei Han
Martha Palmer,Dan Roth
Martha Palmer,Jiawei Han
Martha Palmer,Chris Callison-Burch
Martha Palmer,Mohit Bansal
Martha Palmer,Jiawei Han
Martha Palmer,Dan Roth
Martha Palmer,Jiawei Han
Martha Palmer,Preslav Nakov
Martha Palmer,Chris Callison-Burch
Julian McAuley,Caiming Xiong
Julian McAuley,Furu Wei
Tahereh Taheri,Yasaman Taslimi
Tahereh Taheri,Sima Rafati
Tahereh Taheri,Sima Rafati
Tahereh Taheri,Sima Rafati
Tahereh Taheri,Sima Rafati
Tahereh Taheri,Sima Rafati
Tahereh Taheri,Farnaz Zahedifard
Tahereh Taheri,Sima Rafati
Tahereh Taheri,Sima Rafati
Tahereh Taheri,Yasaman Taslimi
Tahereh Taheri,Sima Rafati
Tahereh Taheri,Farnaz Zahedifard
Tahereh Taheri,Sima Rafati
Tahereh Taheri,Yasaman Taslimi
Tahereh Taheri,Farnaz Zahedifard
Tahereh Taheri,Sima Rafati
Tahereh Taheri,Sima Rafati
Tahereh Taheri,Sima Rafati
Tahereh Taheri,Yasaman Taslimi
Tahereh Taheri,Sima Rafati
Tahereh Taheri,Yasaman Taslimi
Tahereh Taheri,Sima Rafati
Tahereh Taheri,Farnaz Zahedifard
Tahereh Taheri,Sima Rafati
Tahereh Taheri,Yasaman Taslimi
Tahereh Taheri,Sima Rafati
Longyu Liao,Fude Nie
Longyu Liao,Fude Nie
Longyu Liao,Guijuan Fan
Longyu Liao,Guijuan Fan
Longyu Liao,Guijuan Fan
Longyu Liao,Hongzhen Li
Longyu Liao,Jinshan Li
Longyu Liao,Guijuan Fan
Longyu Liao,Guijuan Fan
Longyu Liao,Fude Nie
Longyu Liao,Hongzhen Li
Longyu Liao,Jinshan Li
Longyu Liao,Guijuan Fan
Longyu Liao,Fude Nie
Longyu Liao,Guijuan Fan
Longyu Liao,Fude Nie
Longyu Liao,Hongzhen Li
Longyu Liao,Bisheng Tan
Longyu Liao,Xinping Long
Longyu Liao,Guijuan Fan
Longyu Liao,Fude Nie
Longyu Liao,Guijuan Fan
Longyu Liao,Guijuan Fan
Longyu Liao,Guijuan Fan
Longyu Liao,Guijuan Fan
Gregory H. Imler,Damon A. Parrish
Gregory H. Imler,Jean’ne M. Shreeve
Gregory H. Imler,Damon A. Parrish
Gregory H. Imler,Jean’ne M. Shreeve
Gregory H. Imler,Damon A. Parrish
Gregory H. Imler,Jean’ne M. Shreeve
Gregory H. Imler,Damon A. Parrish
Gregory H. Imler,Jean’ne M. Shreeve
Gregory H. Imler,Damon A. Parrish
Gregory H. Imler,Jean’ne M. Shreeve
Gregory H. Imler,Damon A. Parrish
Gregory H. Imler,Jean’ne M. Shreeve
Gregory H. Imler,Damon A. Parrish
Gregory H. Imler,Jean’ne M. Shreeve
Gregory H. Imler,Damon A. Parrish
Gregory H. Imler,Jean’ne M. Shreeve
Gregory H. Imler,Damon A. Parrish
Gregory H. Imler,Jean’ne M. Shreeve
Gregory H. Imler,Damon A. Parrish
Gregory H. Imler,Damon A. Parrish
Gregory H. Imler,Jean’ne M. Shreeve
Gregory H. Imler,Damon A. Parrish
Gregory H. Imler,Jean’ne M. Shreeve
Gregory H. Imler,Damon A. Parrish
Gregory H. Imler,Jean’ne M. Shreeve
Gregory H. Imler,Damon A. Parrish
Gregory H. Imler,Jean’ne M. Shreeve
Gregory H. Imler,Damon A. Parrish
Gregory H. Imler,Jean’ne M. Shreeve
Gregory H. Imler,Damon A. Parrish
Gregory H. Imler,Jean’ne M. Shreeve
Gregory H. Imler,Damon A. Parrish
Gregory H. Imler,Jean’ne M. Shreeve
Gregory H. Imler,Damon A. Parrish
Gregory H. Imler,Jean’ne M. Shreeve
Gregory H. Imler,Damon A. Parrish
Gregory H. Imler,Jean’ne M. Shreeve
Gregory H. Imler,Damon A. Parrish
Gregory H. Imler,Jean’ne M. Shreeve
Gregory H. Imler,Damon A. Parrish
Gregory H. Imler,Jean’ne M. Shreeve
Gregory H. Imler,Damon A. Parrish
Gregory H. Imler,Jean’ne M. Shreeve
Gregory H. Imler,Damon A. Parrish
Gregory H. Imler,Jean’ne M. Shreeve
Gregory H. Imler,Damon A. Parrish
Gregory H. Imler,Jean’ne M. Shreeve
Mathias Kraus,Markus Leippold
Mathias Kraus,Markus Leippold
Mathias Kraus,Markus Leippold
Mathias Kraus,Markus Leippold
Mathias Kraus,Markus Leippold
Mathias Kraus,Markus Leippold
Mathias Kraus,Markus Leippold
Mathias Kraus,Markus Leippold
Mathias Kraus,Markus Leippold
Mathias Kraus,Markus Leippold
Carmen Chicharro,Javier Moreno
Carmen Chicharro,Ana Victoria Ibarra‐Meneses
Carmen Chicharro,Javier Moreno
Carmen Chicharro,Eugenia Carrillo
Carmen Chicharro,Eugenia Carrillo
Carmen Chicharro,Javier Moreno
Carmen Chicharro,Ana Victoria Ibarra‐Meneses
Carmen Chicharro,Eugenia Carrillo
Carmen Chicharro,Javier Moreno
Carmen Chicharro,Eugenia Carrillo
Carmen Chicharro,Javier Moreno
Carmen Chicharro,Javier Moreno
Carmen Chicharro,José M. Requena
Carmen Chicharro,Eugenia Carrillo
Carmen Chicharro,Ana Victoria Ibarra‐Meneses
Carmen Chicharro,Javier Moreno
Carmen Chicharro,Eugenia Carrillo
Carmen Chicharro,Javier Moreno
André F. T. Martins,Iryna Gurevych
André F. T. Martins,Graham Neubig
André F. T. Martins,Tongshuang Wu
André F. T. Martins,Graham Neubig
André F. T. Martins,Graham Neubig
André F. T. Martins,Graham Neubig
Tianxiang Sun,Xipeng Qiu
Tianxiang Sun,Xuanjing Huang
Tianxiang Sun,Xipeng Qiu
Tianxiang Sun,Xipeng Qiu
Tianxiang Sun,Xuanjing Huang
Tianxiang Sun,Xuanjing Huang
Tianxiang Sun,Xipeng Qiu
Tianxiang Sun,Xipeng Qiu
Tianxiang Sun,Xuanjing Huang
Tianxiang Sun,Xipeng Qiu
Tianxiang Sun,Xuanjing Huang
Tianxiang Sun,Xuanjing Huang
Tianxiang Sun,Xipeng Qiu
Tianxiang Sun,Xipeng Qiu
Tianxiang Sun,Xuanjing Huang
Tianxiang Sun,Xipeng Qiu
Tianxiang Sun,Xuanjing Huang
Tianxiang Sun,Xipeng Qiu
Tianxiang Sun,Xuanjing Huang
Tianxiang Sun,Xipeng Qiu
Tianxiang Sun,Xipeng Qiu
Tianxiang Sun,Xipeng Qiu
Tianxiang Sun,Xuanjing Huang
Tianxiang Sun,Xipeng Qiu
Tianxiang Sun,Xuanjing Huang
Tianxiang Sun,Xuanjing Huang
Tianxiang Sun,Xipeng Qiu
Tianxiang Sun,Xipeng Qiu
Tianxiang Sun,Xipeng Qiu
Tianxiang Sun,Xuanjing Huang
Tianxiang Sun,Xipeng Qiu
Tianxiang Sun,Xipeng Qiu
Tianxiang Sun,Xuanjing Huang
Tianxiang Sun,Xipeng Qiu
Tianxiang Sun,Xipeng Qiu
Tianxiang Sun,Xuanjing Huang
Bisheng Tan,Xinping Long
Bisheng Tan,Xinping Long
Bisheng Tan,Hongzhen Li
Bisheng Tan,Xinping Long
Bisheng Tan,Hongzhen Li
Bisheng Tan,Xinping Long
Bisheng Tan,Xinping Long
Bisheng Tan,Guijuan Fan
Bisheng Tan,Xinping Long
Bisheng Tan,Xinping Long
Bisheng Tan,Xinping Long
Bisheng Tan,Longyu Liao
Bisheng Tan,Xinping Long
Bisheng Tan,Guijuan Fan
Bisheng Tan,Xinping Long
Bisheng Tan,Xinping Long
Andrew Luxton-Reilly,Brett A. Becker
Andrew Luxton-Reilly,Brett A. Becker
Andrew Luxton-Reilly,James Prather
Andrew Luxton-Reilly,Brett A. Becker
Andrew Luxton-Reilly,James Prather
Andrew Luxton-Reilly,James Prather
Andrew Luxton-Reilly,Juho Leinonen
Andrew Luxton-Reilly,Brett A. Becker
Andrew Luxton-Reilly,Stephen MacNeil
Andrew Luxton-Reilly,James Prather
Andrew Luxton-Reilly,Brett A. Becker
Andrew Luxton-Reilly,James Prather
Andrew Luxton-Reilly,Brett A. Becker
Andrew Luxton-Reilly,Juho Leinonen
Andrew Luxton-Reilly,James Prather
Andrew Luxton-Reilly,Brett A. Becker
Andrew Luxton-Reilly,Arto Hellas
Andrew Luxton-Reilly,Juho Leinonen
Andrew Luxton-Reilly,Juho Leinonen
Andrew Luxton-Reilly,James Prather
Andrew Luxton-Reilly,Brett A. Becker
Andrew Luxton-Reilly,Juho Leinonen
Andrew Luxton-Reilly,James Prather
Andrew Luxton-Reilly,Juho Leinonen
Andrew Luxton-Reilly,Brett A. Becker
Andrew Luxton-Reilly,Stephen MacNeil
Andrew Luxton-Reilly,James Prather
Andrew Luxton-Reilly,Brett A. Becker
Andrew Luxton-Reilly,Juho Leinonen
Andrew Luxton-Reilly,Brett A. Becker
Andrew Luxton-Reilly,Juho Leinonen
Andrew Luxton-Reilly,James Prather
Andrew Luxton-Reilly,Juho Leinonen
Andrew Luxton-Reilly,Stephen MacNeil
Andrew Luxton-Reilly,Brett A. Becker
Ricardo Carmona‐Galán,Á. Rodríguez‐Vázquez
Ricardo Carmona‐Galán,Á. Rodríguez‐Vázquez
Ricardo Carmona‐Galán,Á. Rodríguez‐Vázquez
Ricardo Carmona‐Galán,Á. Rodríguez‐Vázquez
Ricardo Carmona‐Galán,Á. Rodríguez‐Vázquez
Ricardo Carmona‐Galán,Á. Rodríguez‐Vázquez
Ricardo Carmona‐Galán,Á. Rodríguez‐Vázquez
Ricardo Carmona‐Galán,Á. Rodríguez‐Vázquez
Ricardo Carmona‐Galán,Á. Rodríguez‐Vázquez
Ricardo Carmona‐Galán,Á. Rodríguez‐Vázquez
Ricardo Carmona‐Galán,Á. Rodríguez‐Vázquez
Ricardo Carmona‐Galán,Á. Rodríguez‐Vázquez
Ricardo Carmona‐Galán,Á. Rodríguez‐Vázquez
Ricardo Carmona‐Galán,Á. Rodríguez‐Vázquez
Ricardo Carmona‐Galán,Á. Rodríguez‐Vázquez
Ricardo Carmona‐Galán,Á. Rodríguez‐Vázquez
Guijuan Fan,Fude Nie
Guijuan Fan,Jinshan Li
Guijuan Fan,Fude Nie
Guijuan Fan,Longyu Liao
Guijuan Fan,Longyu Liao
Guijuan Fan,Longyu Liao
Guijuan Fan,Longyu Liao
Guijuan Fan,Longyu Liao
Chunyang Chen,Zhenchang Xing
Chunyang Chen,Zhenchang Xing
Chunyang Chen,Zhenchang Xing
Chunyang Chen,Zhenchang Xing
Chunyang Chen,Zhenchang Xing
Chunyang Chen,Zhenchang Xing
Chunyang Chen,Zhenchang Xing
Chunyang Chen,Zhenchang Xing
Chunyang Chen,Zhenchang Xing
Chunyang Chen,Zhenchang Xing
Chunyang Chen,Zhenchang Xing
Farnaz Zahedifard,Sima Rafati
Farnaz Zahedifard,Sima Rafati
Farnaz Zahedifard,Sima Rafati
Farnaz Zahedifard,Yasaman Taslimi
Farnaz Zahedifard,Sima Rafati
Farnaz Zahedifard,Tahereh Taheri
Farnaz Zahedifard,Sima Rafati
Farnaz Zahedifard,Sima Rafati
Farnaz Zahedifard,Tahereh Taheri
Farnaz Zahedifard,Sima Rafati
Farnaz Zahedifard,Yasaman Taslimi
Farnaz Zahedifard,Tahereh Taheri
Farnaz Zahedifard,Sima Rafati
Farnaz Zahedifard,Sima Rafati
Farnaz Zahedifard,Tahereh Taheri
Farnaz Zahedifard,Sima Rafati
Christos A. Frantzidιs,Panagiotis D. Bamidis
Christos A. Frantzidιs,Panagiotis D. Bamidis
Christos A. Frantzidιs,Panagiotis D. Bamidis
Christos A. Frantzidιs,Vasiliki Zilidou
Christos A. Frantzidιs,Panagiotis D. Bamidis
Christos A. Frantzidιs,Panagiotis D. Bamidis
Christos A. Frantzidιs,Panagiotis D. Bamidis
Christos A. Frantzidιs,Panagiotis D. Bamidis
Christos A. Frantzidιs,Panagiotis D. Bamidis
Christos A. Frantzidιs,Panagiotis D. Bamidis
Christos A. Frantzidιs,Panagiotis D. Bamidis
Christos A. Frantzidιs,Panagiotis D. Bamidis
Christos A. Frantzidιs,Panagiotis D. Bamidis
Christos A. Frantzidιs,Magda Tsolaki
Christos A. Frantzidιs,Panagiotis D. Bamidis
Christos A. Frantzidιs,Panagiotis D. Bamidis
Christos A. Frantzidιs,Evdokimos Konstantinidis
Christos A. Frantzidιs,Panagiotis D. Bamidis
Christos A. Frantzidιs,Panagiotis D. Bamidis
Christos A. Frantzidιs,Panagiotis D. Bamidis
Rada Mihalcea,Mrinmaya Sachan
Majid Abdollahzade,Arash Miranian
Xiong Liu,Yang Liu
Xiong Liu,Yang Liu
Hongyu Zhang,Wei Wang
Dongmin Jang,O-Kab Kwon
Dongmin Jang,Yoonbai Kim
Dongmin Jang,Yoonbai Kim
Dongmin Jang,O-Kab Kwon
Dongmin Jang,Yoonbai Kim
Dongmin Jang,O-Kab Kwon
Dongmin Jang,Yoonbai Kim
Dongmin Jang,O-Kab Kwon
Dongmin Jang,O-Kab Kwon
Dongmin Jang,Yoonbai Kim
Dongmin Jang,Yoonbai Kim
Dongmin Jang,O-Kab Kwon
Dongmin Jang,Yoonbai Kim
Dongmin Jang,O-Kab Kwon
Catherine Masson,Pierre‐Jean Arnoux
Catherine Masson,Pierre‐Jean Arnoux
Catherine Masson,Pierre‐Jean Arnoux
Catherine Masson,Pierre‐Jean Arnoux
Catherine Masson,Pierre‐Jean Arnoux
Catherine Masson,Pierre‐Jean Arnoux
Catherine Masson,Pierre‐Jean Arnoux
Catherine Masson,Pierre‐Jean Arnoux
Catherine Masson,Pierre‐Jean Arnoux
Catherine Masson,Pierre‐Jean Arnoux
Catherine Masson,Pierre‐Jean Arnoux
Catherine Masson,"Pierre‐Jean Arnoux"""
Catherine Masson,"Pierre‐Jean Arnoux"""
Catherine Masson,"Pierre‐Jean Arnoux"""
Catherine Masson,"Pierre‐Jean Arnoux"""
Catherine Masson,Pierre‐Jean Arnoux
Catherine Masson,Pierre‐Jean Arnoux
Catherine Masson,Pierre‐Jean Arnoux
